{
    "E": [
        -2.0,
        -1.7954510387073621,
        -1.628857071520403,
        -1.4905180019161417,
        -1.3738266372283394,
        -1.2739842521419953,
        -1.1450851386280605,
        -1.1120488721392563,
        -1.0453754294287818,
        -0.9858856689453019,
        -0.9327198617788343,
        -0.8844269136236915,
        -0.8406314881351198,
        -0.8003251375158865,
        -0.7633731764482001,
        -0.7286690110250941,
        -0.6968222621216674,
        -0.6664691237877182,
        -0.6379141159880872,
        -0.6109721749999882,
        -0.5848967980815626,
        -0.5600959290461817,
        -0.5359029035988303,
        -0.5119293009724616,
        -0.48960417372881204,
        -0.467150538394325,
        -0.4448503132488012,
        -0.4204785350349329,
        -0.397871506797578,
        -0.37358695197610414,
        -0.348918376164043,
        -0.3153779853351956,
        -0.2892623275715261,
        -0.2594322213680191,
        -0.2399426217532472,
        -0.22381521454631997,
        -0.20895258025744085,
        -0.19655496909132247,
        -0.18479663932600934,
        -0.1751695821220941,
        -0.16556181217966895,
        -0.15720323573521264,
        -0.1492225673550319,
        -0.1419568996445842,
        -0.13587265871710402,
        -0.12945189017303804,
        -0.12370121307682598,
        -0.11845770667330696,
        -0.11368436735567516,
        -0.10891015249399047,
        -0.10485309767840303,
        -0.10067825206203584,
        -0.096719204896024,
        -0.09308608363309478,
        -0.08972961352323006,
        -0.08649587121624507,
        -0.08347079826865303,
        -0.08042755885768674,
        -0.07790385035357854,
        -0.07536334912909905,
        -0.07306019348243105,
        -0.070686395924562,
        -0.06863604604101234,
        -0.06648360947175062,
        -0.06433308086832179,
        -0.06246713631871256,
        -0.06080346919112172,
        -0.05903430111345336,
        -0.057265755585202326,
        -0.05552289285714229,
        -0.05404534225140995,
        -0.052563615838266436,
        -0.05129091299862457,
        -0.0499632568359373,
        -0.04857249056208103,
        -0.047193029364224336,
        -0.04606762727309913,
        -0.04495835188633462,
        -0.04389119818341913,
        -0.04278453124999981
    ],
    "M": [
        1.0,
        0.9999990234375,
        0.999997265625,
        0.9999837890625,
        0.9999685546875,
        0.9999173828125,
        0.6696142578125,
        0.999714453125,
        0.999523046875,
        0.9991642578125,
        0.9987978515625,
        0.998127734375,
        0.997364453125,
        0.996228125,
        0.99495234375,
        0.9929955078125,
        0.99106484375,
        0.98829453125,
        0.9850025390625,
        0.98128046875,
        0.9763978515625,
        0.97038125,
        0.96362421875,
        0.9544986328125,
        0.9456515625,
        0.9337828125,
        0.9187697265625,
        0.8957400390625,
        0.8716712890625,
        0.83793671875,
        0.7905580078125,
        0.62862734375,
        0.5414291015625,
        0.34957265625,
        0.2619517578125,
        0.20392890625,
        0.182437109375,
        0.1508755859375,
        0.122346875,
        0.1215498046875,
        0.1094646484375,
        0.10452421875,
        0.093989453125,
        0.0875845703125,
        0.0841900390625,
        0.0788576171875,
        0.0781166015625,
        0.0746056640625,
        0.071547265625,
        0.06966015625,
        0.0664072265625,
        0.06407578125,
        0.0638517578125,
        0.0620119140625,
        0.05995234375,
        0.058487109375,
        0.0578314453125,
        0.0564318359375,
        0.053952734375,
        0.0540791015625,
        0.0534916015625,
        0.0539095703125,
        0.052026171875,
        0.0507576171875,
        0.0491400390625,
        0.047594140625,
        0.0486169921875,
        0.0484634765625,
        0.0484068359375,
        0.046245703125,
        0.0456513671875,
        0.0444505859375,
        0.0445279296875,
        0.0440001953125,
        0.04416796875,
        0.0433029296875,
        0.0439919921875,
        0.0419947265625,
        0.0426259765625,
        0.041729296875
    ],
    "CV": [
        0.0,
        2.517312988638878e-05,
        5.795782394707203e-05,
        0.0002866439465433359,
        0.0004790107559412718,
        0.0010618348335847258,
        1.929014986549504,
        0.0027880739606916905,
        0.004248687831871212,
        0.00664717921949923,
        0.008654072147235275,
        0.012032693628873676,
        0.015403497705422342,
        0.01992612498179078,
        0.025026240800600497,
        0.031456179626565425,
        0.03622057494595647,
        0.04327784881787375,
        0.05554373397114687,
        0.06199085596385412,
        0.07307695468738674,
        0.08690756640969775,
        0.09642888124319725,
        0.11303153346204199,
        0.13031140516684392,
        0.1454095477258321,
        0.1684785558292875,
        0.20076814040811733,
        0.22993789368306752,
        0.26987499892369377,
        0.32931961826954503,
        0.46013080142685214,
        0.4789251718568848,
        0.3314857215660275,
        0.2757250817044289,
        0.21889613990491488,
        0.19494158956870086,
        0.1894293897732394,
        0.1555992830082425,
        0.14992474982237328,
        0.134490390934312,
        0.12266745350641722,
        0.11626578982250357,
        0.1058095290550671,
        0.10113311584577023,
        0.09187843419309065,
        0.08740809642935346,
        0.08060417626833077,
        0.07844122053043102,
        0.07530693899186298,
        0.07069857116088533,
        0.06842950173295977,
        0.06433844251179835,
        0.060204292861798604,
        0.05737735549607169,
        0.05490333171449456,
        0.053267417042302256,
        0.04979132042554847,
        0.04883939131863226,
        0.04701065066142983,
        0.04422202174749036,
        0.043524306913105104,
        0.042382756077223895,
        0.041955281163938346,
        0.03915285563051148,
        0.037554705784959515,
        0.03563624586079095,
        0.03368493710693874,
        0.033191617283994855,
        0.032751168074989984,
        0.03210393753898788,
        0.03135267184491422,
        0.03021182160768185,
        0.029518313046857293,
        0.027670356835799974,
        0.02735657471873492,
        0.026492596060873983,
        0.026178994678235906,
        0.024291284303968496,
        0.02385128022502031
    ],